Firstname,Lastname,Email,RegistrationDate
Emma,Smith,emma.smith@gmail.com,5/20/2024
Liam,Johnson,liam.johnson@gmail.com,5/20/2024
Olivia,Williams,olivia.williams@gmail.com,5/20/2024
Noah,Brown,noah.brown@gmail.com,5/15/2024
Ava,Jones,ava.jones@gmail.com,5/15/2024
William,Garcia,william.garcia@gmail.com,5/15/2024
Sophia,Miller,sophia.miller@gmail.com,5/10/2024
James,Davis,james.davis@gmail.com,5/10/2024
Isabella,Rodriguez,isabella.rodriguez@gmail.com,5/10/2024
Benjamin,Martinez,benjamin.martinez@gmail.com,5/10/2024
